͑DID,͖,͎,ϋv,b,Η,,Xbg,ڐ,ΐ,,͖tO
1,r,2,13/24,5/18,6/29,18/59,2,0/0/0/0/0,16/39,1/37/-1/-1/-1,1
2,@,2,13/24,5/18,6/29,18/49,2,0/0/0/0/0,16/39,1/-1/-1/-1/-1,1
6,,2,13/24,5/18,6/29,18/49,2,0/0/0/0/0,16/39,1/-1/-1/-1/-1,1
7,O,2,13/24,5/18,6/29,18/49,2,0/0/0/0/0,16/39,1/-1/-1/-1/-1,1
9,,2,15/29,5/19,10/29,27/79,2,0/0/0/0/0,20/49,2/13/-1/-1/-1,1
10,,2,15/29,5/19,10/29,27/69,2,0/0/0/0/0,20/49,2/-1/-1/-1/-1,1
11,[,2,15/29,5/19,10/29,27/69,2,0/0/0/0/0,20/49,2/-1/-1/-1/-1,1
12,g,2,15/29,5/19,10/29,27/69,2,0/0/0/0/0,20/49,2/-1/-1/-1/-1,1
13,g,2,15/29,5/19,10/29,27/79,2,0/0/0/0/0,20/49,2/13/-1/-1/-1,1
14,~g,2,15/29,5/19,10/29,27/69,2,0/0/0/0/0,20/49,2/-1/-1/-1/-1,1
15,,2,15/29,5/19,10/29,27/69,2,0/0/0/0/0,20/49,2/-1/-1/-1/-1,1
16,,2,15/29,5/19,10/29,27/69,2,0/0/0/0/0,20/49,2/-1/-1/-1/-1,1
17,z,2,16/34,6/19,10/29,24/79,2,0/0/0/0/0,24/49,2/14/-1/-1/-1,1
18,sm,2,16/34,6/19,10/29,24/69,2,0/0/0/0/0,24/49,2/-1/-1/-1/-1,1
19,,2,16/34,6/19,10/29,24/69,2,0/0/0/0/0,24/49,2/-1/-1/-1/-1,1
20,ᕗ,2,16/39,7/29,10/29,24/79,2,0/0/0/0/0,24/49,2/14/-1/-1/-1,1
21,,3,26/39,10/29,14/49,24/89,2,1/1/0/0/0,20/59,4/14/-1/-1/-1,1
22,܏\,3,26/39,10/29,14/39,24/79,2,1/1/0/0/0,40/79,4/-1/-1/-1/-1,1
23,R,3,26/39,10/29,14/39,24/79,2,1/1/0/0/0,40/79,4/-1/-1/-1/-1,1
24,,3,25/39,11/29,14/49,24/89,2,0/0/0/0/0,19/59,4/14/-1/-1/-1,1
25,k,3,25/39,10/29,14/39,24/79,2,0/0/0/0/0,19/59,4/14/-1/-1/-1,1
26,}K,9,67/89,59/79,74/94,0/0,4,3/3/3/3/0,0/0,7/11/25/-1/-1,1
27,R,9,67/89,59/79,74/94,0/0,4,3/3/3/3/0,0/0,7/11/25/-1/-1,1
28,H,2,13/24,5/18,6/29,18/49,2,0/0/0/0/0,16/39,1/-1/-1/-1/-1,1
29,,2,13/24,5/18,6/29,18/49,2,0/0/0/0/0,16/39,1/-1/-1/-1/-1,1
30,e,2,13/24,5/18,6/29,18/49,2,0/0/0/0/0,16/39,1/-1/-1/-1/-1,1
31,],2,13/24,5/18,6/29,18/49,2,0/0/0/0/0,16/39,1/-1/-1/-1/-1,1
32,,2,15/29,5/19,10/29,27/69,2,0/0/0/0/0,20/49,2/-1/-1/-1/-1,1
33,p_,2,15/29,5/19,10/29,27/69,2,0/0/0/0/0,20/49,2/-1/-1/-1/-1,1
34,,2,15/30,6/19,10/29,27/79,2,0/0/0/0/0,20/49,2/13/-1/-1/-1,1
35,,2,15/30,6/19,10/29,27/69,2,0/0/0/0/0,20/49,2/-1/-1/-1/-1,1
36,,2,15/30,6/19,10/29,27/69,2,0/0/0/0/0,20/49,2/-1/-1/-1/-1,1
37,d,2,15/30,6/19,10/29,27/69,2,0/0/0/0/0,20/49,2/-1/-1/-1/-1,1
38,t,2,16/31,6/19,10/29,27/79,2,0/0/0/0/0,21/49,2/13/-1/-1/-1,1
39,q,2,16/31,6/19,10/29,27/69,2,0/0/0/0/0,21/49,2/-1/-1/-1/-1,1
40,t,2,16/31,6/19,10/29,27/69,2,0/0/0/0/0,21/49,2/-1/-1/-1/-1,1
41,,2,16/31,6/19,10/29,27/69,2,0/0/0/0/0,21/49,2/-1/-1/-1/-1,1
42,I,2,16/32,6/19,10/29,24/79,2,0/0/0/0/0,21/49,2/14/-1/-1/-1,1
43,J,2,16/32,6/19,10/29,24/69,2,0/0/0/0/0,21/49,2/-1/-1/-1/-1,1
44,J,2,16/32,6/19,10/29,24/69,2,0/0/0/0/0,21/49,2/-1/-1/-1/-1,1
45,[,2,16/32,6/19,10/29,24/69,2,0/0/0/0/0,21/49,2/-1/-1/-1/-1,1
46,܌J,2,16/32,6/19,10/29,24/69,2,0/0/0/0/0,21/49,2/-1/-1/-1/-1,1
47,,2,16/32,6/19,10/29,24/79,2,0/0/0/0/0,21/49,2/14/-1/-1/-1,1
48,,2,16/33,6/19,10/29,24/69,2,0/0/0/0/0,21/49,2/-1/-1/-1/-1,1
49,,2,16/33,6/19,10/29,24/69,2,0/0/0/0/0,21/49,2/-1/-1/-1/-1,1
50,,2,19/39,8/29,12/29,45/89,2,0/0/0/0/0,24/49,2/14/-1/-1/-1,1
51,V,3,23/35,7/29,11/39,18/59,2,0/0/0/0/0,18/59,4/37/-1/-1/-1,1
52,c,3,23/35,7/29,11/39,18/59,2,0/0/0/0/0,18/59,4/37/-1/-1/-1,1
53,,3,26/39,10/29,14/39,24/79,2,1/1/0/0/0,20/59,4/-1/-1/-1/-1,1
54,,3,26/39,11/29,14/49,24/89,2,1/1/0/0/0,20/69,4/25/-1/-1/-1,1
55,_,3,26/39,11/29,14/39,24/79,2,1/1/0/0/0,20/69,4/-1/-1/-1/-1,1
56,߉,3,26/39,11/29,14/39,24/79,2,1/1/0/0/0,24/69,4/-1/-1/-1/-1,1
57,,4,32/49,12/39,8/39,80/99,2,0/0/0/0/0,25/59,15/15/-1/-1/-1,1
58,k,4,32/49,12/39,8/39,80/99,2,0/0/0/0/0,25/59,15/15/-1/-1/-1,1
59,Ñ,5,36/49,25/34,30/54,12/59,3,2/2/2/0/0,0/0,6/37/-1/-1/-1,1
60,,5,36/49,25/34,30/49,12/49,3,2/2/2/0/0,0/0,6/-1/-1/-1/-1,1
61,t,5,37/49,26/37,30/54,12/59,3,2/2/2/0/0,0/0,6/37/-1/-1/-1,1
62,,5,44/60,32/49,40/59,24/59,3,2/2/2/0/0,0/0,6/25/-1/-1/-1,1
63,ߒq,5,44/56,32/49,40/54,24/49,3,2/2/2/0/0,0/0,6/-1/-1/-1/-1,1
64,,5,44/56,32/49,40/54,24/49,3,2/2/2/0/0,0/0,6/-1/-1/-1/-1,1
65,H,5,44/56,32/49,40/54,24/49,3,2/2/2/0/0,0/0,6/-1/-1/-1/-1,1
66,Y,5,45/60,35/49,40/59,24/59,3,2/2/2/0/0,0/0,6/25/-1/-1/-1,1
67,,5,45/60,35/49,40/54,24/59,3,2/2/2/0/0,0/0,6/25/-1/-1/-1,1
68,,5,45/57,35/49,40/54,24/49,3,2/2/2/0/0,0/0,6/-1/-1/-1/-1,1
69,C,5,45/57,35/49,40/54,24/49,3,2/2/2/0/0,0/0,6/-1/-1/-1/-1,1
70,ŏ,5,41/59,31/59,40/59,18/69,3,2/2/2/0/0,0/0,5/25/-1/-1/-1,1
71,,5,44/62,36/59,32/59,24/59,3,3/3/3/0/0,0/0,6/25/-1/-1/-1,1
72,},5,44/62,36/59,32/59,24/59,3,3/3/3/0/0,0/0,6/25/-1/-1/-1,1
73,ŏ,6,50/67,37/71,24/75,18/69,4,5/6/5/11/0,0/0,6/26/25/-1/-1,1
74,˖P,7,32/55,19/39,0/19,0/0,3,18/9/3/0/0,0/0,23/16/-1/-1/-1,1
75,,7,40/64,21/39,0/19,0/0,4,12/18/18/10/0,0/0,19/23/16/-1/-1,1
76,,7,31/54,17/39,0/19,0/0,3,9/24/5/0/0,0/0,19/16/-1/-1/-1,1
77,ɐ,9,74/89,70/89,74/89,0/0,4,3/3/3/3/0,0/0,7/4/25/-1/-1,1
78,,8,63/79,52/69,63/89,0/0,3,3/3/3/0/0,0/0,7/11/37/-1/-1,1
79,Y,8,63/79,52/69,63/89,0/0,3,3/3/3/0/0,0/0,7/11/37/-1/-1,1
80,,9,80/94,75/89,82/99,0/0,4,3/3/3/3/0,0/0,8/4/25/-1/-1,1
81,,9,80/94,75/89,82/99,0/0,4,3/3/3/3/0,0/0,8/4/25/-1/-1,1
82,ɐ,10,77/89,74/92,63/83,0/0,4,11/11/11/14/0,0/0,7/26/-1/-1/-1,1
83,ԏ,11,69/79,28/54,0/39,0/0,4,18/18/27/10/0,0/0,20/23/16/-1/-1,1
84,,11,71/89,29/59,0/39,0/0,4,18/18/45/12/0,0/0,20/23/16/-1/-1,1
85,,8,63/79,52/69,63/89,0/0,3,3/3/3/0/0,0/0,7/11/37/-1/-1,1
86,b,8,63/79,52/69,63/89,0/0,3,3/3/3/0/0,0/0,7/11/37/-1/-1,1
87,,9,74/89,70/89,74/94,0/0,4,3/3/3/3/0,0/0,7/4/25/-1/-1,1
88,,10,77/89,74/92,63/83,0/0,4,11/11/11/14/0,0/0,7/26/-1/-1/-1,1
89,P,7,30/49,15/39,0/19,0/0,2,8/11/0/0/0,0/0,23/-1/-1/-1/-1,1
90,,11,50/79,27/49,0/29,0/0,4,12/27/18/7/0,0/0,20/23/16/-1/-1,1
91,,11,50/79,27/49,0/29,0/0,4,12/27/18/7/0,0/0,20/23/16/-1/-1,1
92,,7,40/64,21/39,0/19,0/0,4,12/18/18/10/0,0/0,19/23/16/-1/-1,1
93,O,2,15/29,5/19,10/29,27/69,2,0/0/0/0/0,20/49,2/-1/-1/-1/-1,1
94,,2,15/29,5/19,10/29,27/69,2,0/0/0/0/0,20/49,2/-1/-1/-1/-1,1
95,,2,16/33,6/19,10/29,24/79,2,0/0/0/0/0,21/49,2/14/-1/-1/-1,1
96,咪,2,16/33,6/19,10/29,24/69,2,0/0/0/0/0,21/49,2/-1/-1/-1/-1,1
97,,2,16/33,6/19,10/29,24/69,2,0/0/0/0/0,21/49,2/-1/-1/-1/-1,1
98,r,2,16/33,6/19,10/29,24/69,2,0/0/0/0/0,21/49,2/-1/-1/-1/-1,1
99,,3,25/39,10/29,14/49,24/89,2,1/1/0/0/0,19/59,4/25/-1/-1/-1,1
100,,3,25/39,10/29,14/39,24/79,2,1/1/0/0/0,19/59,4/-1/-1/-1/-1,1
101,ؑ\,3,25/39,10/29,14/39,24/79,2,1/1/0/0/0,19/59,4/-1/-1/-1/-1,1
102,,16,40/59,18/39,9/29,0/0,2,12/12/0/0/0,0/0,10/25/-1/-1/-1,1
103,c,16,40/59,18/39,9/29,0/0,2,12/12/0/0/0,0/0,10/25/-1/-1/-1,1
104,Ή,16,41/59,20/39,9/29,0/29,3,12/6/6/0/0,0/0,25/26/2/-1/-1,1
105,c,16,41/59,20/39,9/29,0/29,3,12/6/6/0/0,0/0,25/26/2/-1/-1,1
106,΍b,16,42/59,21/39,9/29,15/72,3,12/6/6/0/0,0/0,25/41/41/-1/-1,1
107,cb,16,42/59,21/39,9/29,15/72,3,12/6/6/0/0,0/0,25/41/41/-1/-1,1
108,΍q,7,47/59,25/39,0/19,0/0,3,21/9/6/0/0,0/0,20/16/-1/-1/-1,1
109,cq,7,47/59,25/39,0/19,0/0,3,21/9/6/0/0,0/0,20/16/-1/-1/-1,1
110,Ē,11,62/79,33/49,0/39,0/0,4,21/21/21/12/0,0/0,20/23/16/-1/-1,1
111,,11,62/79,33/49,0/39,0/0,4,21/21/21/12/0,0/0,20/23/16/-1/-1,1
112,߉,11,75/90,42/72,0/39,0/0,4,24/24/24/12/0,0/0,21/24/51/-1/-1,1
113,S{,3,26/39,10/29,14/39,24/79,2,1/1/0/0/0,20/59,4/-1/-1/-1/-1,1
114,G,3,27/39,10/29,14/39,24/79,2,1/1/0/0/0,20/59,4/-1/-1/-1/-1,1
115,[,3,19/33,10/29,17/42,20/69,3,0/0/0/0/0,13/39,4/4/-1/-1/-1,1
116,P,7,32/55,19/39,0/19,0/0,3,18/9/3/0/0,0/0,23/16/-1/-1/-1,1
117,P,7,45/69,25/59,0/29,0/0,4,18/12/12/6/0,0/0,21/24/17/-1/-1,1
118,,4,43/59,23/63,17/63,90/139,3,0/0/0/0/0,27/79,10/58/30/-1/-1,1
119,k,4,43/59,23/63,17/63,90/139,3,0/0/0/0/0,27/79,10/58/30/-1/-1,1
120,OG,5,40/59,30/59,40/59,18/69,3,2/2/2/0/0,0/0,6/25/-1/-1/-1,1
121,OG,6,50/67,37/71,24/76,18/69,4,5/6/5/8/0,0/0,50/30/26/-1/-1,1
122,,2,16/34,6/19,10/29,24/69,2,0/0/0/0/0,24/49,2/39/-1/-1/-1,1
123,ߊ},5,37/49,26/37,30/54,12/59,3,2/2/2/0/0,0/0,6/37/-1/-1/-1,1
124,J,5,40/59,30/59,40/59,18/69,3,2/2/2/0/0,0/0,6/25/-1/-1/-1,1
125,F,5,40/59,30/59,40/59,18/69,3,2/2/2/0/0,0/0,6/25/-1/-1/-1,1
126,168,13,10/17,3/17,2/7,24/59,1,0/0/0/0/0,0/0,-1/-1/-1/-1/-1,1
127,58,13,14/19,4/19,2/9,30/69,1,0/0/0/0/0,0/0,-1/-1/-1/-1/-1,1
128,8,13,15/19,4/19,2/9,30/69,1,0/0/0/0/0,0/0,-1/-1/-1/-1/-1,1
129,J,6,50/67,37/72,24/75,18/69,4,5/6/5/6/0,0/0,6/30/26/-1/-1,1
130,F,6,50/67,37/72,24/75,18/69,4,5/6/5/6/0,0/0,6/28/26/-1/-1,1
131,a,9,93/98,88/108,96/129,0/0,4,7/7/7/7/0,0/0,9/12/59/-1/-1,1
132,H_,2,16/34,6/19,10/29,24/69,2,0/0/0/0/0,24/49,2/39/-1/-1/-1,1
133,[_,2,16/34,6/19,10/30,24/69,2,0/0/0/0/0,27/52,2/39/-1/-1/-1,1
134,_,2,16/34,6/19,10/30,24/69,2,0/0/0/0/0,27/52,2/39/-1/-1/-1,1
135,g,2,16/34,6/19,10/30,24/69,2,0/0/0/0/0,27/52,2/39/-1/-1/-1,1
136,a,9,96/108,92/118,92/139,0/0,4,7/7/7/7/0,0/0,9/10/28/-1/-1,1
137,,3,30/45,17/32,20/42,24/72,3,2/2/2/0/0,25/70,65/66/-1/-1/-1,1
138,\,3,30/45,17/32,20/42,24/72,3,2/2/2/0/0,25/70,65/66/-1/-1/-1,1
139,,3,31/45,17/33,20/42,24/72,3,2/2/2/0/0,25/70,65/66/-1/-1/-1,1
140,,3,31/45,17/32,19/41,23/71,3,2/2/2/0/0,27/72,65/66/-1/-1/-1,1
141,܏\,3,44/59,30/69,18/59,24/79,3,0/0/0/0/0,54/94,28/30/45/-1/-1,1
142,ߊ},5,53/65,35/73,38/78,24/74,4,2/2/2/2/0,0/0,50/15/-1/-1/-1,1
143,,9,94/98,88/108,96/129,0/0,4,7/7/7/7/0,0/0,9/12/59/-1/-1,1
144,[,2,31/58,14/52,17/73,37/93,3,0/0/0/0/0,28/69,63/15/-1/-1/-1,1
145,J,2,31/49,14/52,13/59,28/84,3,0/0/0/0/0,30/69,28/27/-1/-1/-1,1
146,ؑ\,4,44/59,24/65,18/64,80/110,3,0/0/0/0/0,32/82,58/27/40/-1/-1,1
147,Bu~z,2,37/49,15/57,13/54,30/89,3,0/0/0/0/0,30/74,-1/-1/-1/-1/-1,1
148,,9,97/108,92/119,92/139,0/0,4,7/7/7/7/0,0/0,9/40/28/-1/-1,1
149,,8,82/99,70/94,76/98,0/0,4,3/3/3/3/0,0/0,8/30/28/-1/-1,1
150,b,8,83/99,72/95,76/98,0/0,4,3/3/3/3/0,0/0,8/30/35/-1/-1,1
151,Y,8,81/99,70/93,75/96,0/0,4,3/3/3/3/0,0/0,104/104/35/27/-1,1
152,,8,82/99,70/92,78/104,0/0,4,3/3/3/3/0,0/0,8/74/30/-1/-1,1
153,P,18,67/87,40/79,0/49,0/0,4,18/18/18/7/0,0/0,60/24/17/-1/-1,1
154,,21,36/48,9/27,14/28,12/28,3,1/1/1/0/0,12/42,119/10/39/-1/-1,1
155,401,14,20/24,5/24,2/9,36/72,1,3/0/0/0/0,0/0,-1/-1/-1/-1/-1,1
156,P,18,70/90,44/84,0/59,0/0,4,30/24/24/8/0,0/0,22/18/71/-1/-1,1
157,鈉,7,50/72,28/62,0/40,0/0,4,18/28/6/3/0,0/0,60/39/61/-1/-1,1
158,,3,48/64,29/69,24/67,26/89,3,1/1/1/0/0,38/74,101/74/102/-1/-1,1
159,_ʉ,3,50/63,29/69,27/71,38/98,3,1/1/1/0/0,40/80,74/15/15/-1/-1,1
160,߉ω,3,48/62,29/68,22/68,28/84,3,1/1/1/0/0,48/84,10/15/30/-1/-1,1
161,,17,38/49,13/33,6/19,0/0,2,0/0/0/0/0,0/0,68/39/-1/-1/-1,1
162,_,22,36/48,6/18,3/18,0/0,3,0/0/0/0/0,0/0,-1/-1/-1/-1/-1,1
163,܂,13,6/9,2/9,1/3,0/9,0,0/0/0/0/0,0/0,-1/-1/-1/-1/-1,1
164,퐶,2,13/24,5/18,6/29,18/49,2,0/0/0/0/0,16/39,1/-1/-1/-1/-1,1
165,K,2,13/24,5/18,6/29,18/49,2,0/0/0/0/0,16/39,1/-1/-1/-1/-1,1
166,ۉ,17,40/59,15/43,8/33,0/0,3,8/8/8/0/0,0/0,70/69/-1/-1/-1,1
167,镗,2,16/34,6/19,10/29,24/69,2,0/0/0/0/0,24/49,2/40/-1/-1/-1,1
168,Y,2,16/34,6/19,10/29,24/69,2,0/0/0/0/0,24/49,2/44/-1/-1/-1,1
169,J,2,16/34,6/19,10/29,24/69,2,0/0/0/0/0,24/49,2/44/-1/-1/-1,1
170,l,2,16/34,6/19,10/29,24/69,2,0/0/0/0/0,24/49,2/44/-1/-1/-1,1
171,Bismarck,8,90/96,67/83,64/88,0/0,4,4/4/4/4/0,0/0,76/77/-1/-1/-1,1
172,Bismarck,8,94/99,77/93,70/93,0/0,4,4/4/4/4/0,0/0,76/77/-1/-1/-1,1
173,Bismarck zwei,8,96/99,80/94,70/97,0/0,4,4/4/4/4/0,0/0,76/85/84/-1/-1,1
174,Z1,2,18/29,8/22,8/26,24/60,3,0/0/0/0/0,32/64,78/-1/-1/-1/-1,1
175,Z3,2,18/29,8/22,8/26,24/60,3,0/0/0/0/0,32/64,78/-1/-1/-1/-1,1
176,Prinz Eugen,5,50/72,38/64,38/56,32/64,3,3/3/3/0/0,0/0,123/115/-1/-1/-1,1
177,Prinz Eugen,5,63/79,48/82,48/75,40/84,4,3/3/3/3/0,0/0,123/84/124/-1/-1,1
178,Bismarck drei,8,96/99,82/95,74/99,16/36,4,4/4/4/4/0,0/0,114/114/85/115/-1,1
179,Z1 zwei,2,35/59,18/53,12/49,27/71,3,0/0/0/0/0,37/69,84/78/-1/-1/-1,1
180,Z3 zwei,2,35/59,18/53,10/47,27/71,3,0/0/0/0/0,37/69,85/78/-1/-1/-1,1
181,VÕ,2,18/37,7/25,10/29,28/79,3,0/0/0/0/0,26/54,2/14/34/-1/-1,1
182,,19,39/48,7/19,4/14,0/0,3,0/0/0/0/0,0/0,86/39/-1/-1/-1,1
183,嗄,3,34/47,19/34,24/48,0/39,3,0/6/6/0/0,0/39,5/71/25/-1/-1,1
184,~,20,39/55,15/37,5/15,0/0,3,2/3/3/0/0,0/0,10/92/-1/-1/-1,1
185,P,7,39/57,18/38,0/20,0/0,3,18/7/6/0/0,0/0,20/16/-1/-1/-1,1
186,Õ,2,16/34,6/19,10/29,24/69,2,0/0/0/0/0,24/49,2/14/-1/-1/-1,1
187,Ή,19,45/58,9/27,6/24,0/0,4,0/0/0/0/0,0/0,86/10/39/-1/-1,1
188,,6,59/72,48/79,46/77,32/82,4,2/2/9/5/0,0/0,50/30/79/-1/-1,1
189,},6,58/72,48/79,46/77,33/83,4,2/2/9/5/0,0/0,50/30/79/-1/-1,1
190,,2,16/34,6/19,10/29,24/69,2,0/0/0/0/0,24/49,2/39/-1/-1/-1,1
191,19,13,14/19,4/18,2/9,36/79,1,0/0/0/0/0,0/0,-1/-1/-1/-1/-1,1
192,ߒq,5,56/71,48/78,50/80,34/84,4,2/2/4/4/0,0/0,-1/-1/-1/-1/-1,1
193,,5,56/71,47/79,53/82,34/84,4,2/2/4/4/0,0/0,90/90/90/-1/-1,1
194,H,5,57/71,47/77,52/84,34/84,4,2/2/4/4/0,0/0,90/90/28/-1/-1,1
195,g,2,32/54,15/54,17/72,30/88,3,0/0/0/0/0,25/63,63/101/74/-1/-1,1
196,򗴉,11,67/89,37/76,0/64,0/0,4,18/36/22/3/0,0/0,96/97/93/-1/-1,1
197,,11,67/89,36/75,0/57,0/0,4,18/35/20/6/0,0/0,96/99/98/61/-1,1
199,咪,2,31/53,14/51,17/67,33/90,3,0/0/0/0/0,26/64,63/15/68/-1/-1,1
200,G,3,45/61,29/68,16/56,34/94,3,1/1/1/0/0,48/82,91/106/68/-1/-1,1
201,,2,30/49,13/49,12/49,28/79,3,0/0/0/0/0,24/59,3/13/-1/-1/-1,1
202,,2,30/49,13/49,12/49,28/79,3,0/0/0/0/0,24/59,3/13/-1/-1/-1,1
203,,2,30/49,13/49,12/49,28/79,3,0/0/0/0/0,24/59,3/13/-1/-1/-1,1
204,[,2,30/49,13/49,12/49,28/79,3,0/0/0/0/0,24/59,3/13/-1/-1/-1,1
205,p_,2,30/49,13/49,12/49,28/79,3,0/0/0/0/0,24/59,3/13/-1/-1/-1,1
206,g,2,30/49,13/49,12/49,28/79,3,0/0/0/0/0,24/59,3/13/-1/-1/-1,1
207,g,2,30/49,13/49,12/49,28/79,3,0/0/0/0/0,24/59,3/13/-1/-1/-1,1
208,~g,2,30/49,13/49,12/49,28/79,3,0/0/0/0/0,24/59,3/13/-1/-1/-1,1
209,,8,75/89,67/89,72/94,0/0,4,3/3/3/3/0,0/0,8/12/10/-1/-1,1
210,b,8,75/89,67/89,72/94,0/0,4,3/3/3/3/0,0/0,8/12/10/-1/-1,1
211,Y,8,75/89,67/89,72/94,0/0,4,3/3/3/3/0,0/0,8/12/10/-1/-1,1
212,,8,75/89,67/89,72/94,0/0,4,3/3/3/3/0,0/0,8/12/10/-1/-1,1
213,V,3,40/54,28/59,20/59,24/79,3,0/0/0/0/0,24/69,4/10/15/-1/-1,1
214,c,3,40/54,28/59,20/59,24/79,3,0/0/0/0/0,24/69,4/10/15/-1/-1,1
215,,3,42/59,29/69,20/69,24/89,3,1/1/1/0/0,24/79,4/15/25/-1/-1,1
216,,3,42/59,29/59,20/59,24/79,3,1/1/1/0/0,24/79,4/15/25/-1/-1,1
217,ؑ\,3,42/59,29/59,20/59,24/79,3,1/1/1/0/0,24/79,4/15/25/-1/-1,1
218,ǉ,3,43/59,29/69,20/69,24/89,3,1/1/1/0/0,24/79,4/15/25/-1/-1,1
219,܏\,3,37/59,29/59,18/59,24/79,3,1/1/1/0/0,48/79,10/30/15/-1/-1,1
220,Rǉ,3,43/59,29/59,20/59,24/79,3,1/1/1/0/0,48/79,4/15/25/-1/-1,1
221,,3,43/59,29/59,20/69,24/89,3,1/1/1/0/0,24/79,4/15/25/-1/-1,1
222,,3,44/59,29/69,20/59,24/79,3,1/1/1/0/0,24/79,4/15/25/-1/-1,1
223,_ʉ,3,44/59,29/59,20/59,24/79,3,1/1/1/0/0,24/79,4/15/25/-1/-1,1
224,߉ω,3,44/59,29/59,20/59,24/79,3,1/1/1/0/0,32/79,4/15/25/-1/-1,1
225,z,2,32/49,14/49,12/49,28/79,3,0/0/0/0/0,27/59,3/15/-1/-1/-1,1
226,smΉ,2,32/49,14/49,12/49,28/79,3,0/0/0/0/0,27/59,3/15/-1/-1/-1,1
227,,2,32/49,14/49,12/49,28/79,3,0/0/0/0/0,27/59,3/15/-1/-1/-1,1
228,ᕗ,2,32/49,14/59,12/59,28/89,3,0/0/0/0/0,27/59,3/15/-1/-1/-1,1
229,,2,36/59,14/59,14/59,48/99,3,0/0/0/0/0,27/59,3/15/-1/-1/-1,1
230,O,2,30/49,13/49,12/49,28/79,3,0/0/0/0/0,24/59,3/13/-1/-1/-1,1
231,,2,30/49,13/49,12/49,28/79,3,0/0/0/0/0,24/59,3/13/-1/-1/-1,1
232,,2,30/49,13/49,12/49,28/79,3,0/0/0/0/0,24/59,3/13/-1/-1/-1,1
233,,2,30/49,13/49,12/49,28/79,3,0/0/0/0/0,24/59,3/13/-1/-1/-1,1
234,ŉ,2,30/49,13/49,12/49,28/79,3,0/0/0/0/0,24/59,3/13/-1/-1/-1,1
235,,2,30/49,13/49,12/49,28/79,3,0/0/0/0/0,24/59,3/13/-1/-1/-1,1
236,,2,30/49,13/49,12/49,28/79,3,0/0/0/0/0,24/59,3/13/-1/-1/-1,1
237,d,2,30/49,13/49,12/49,28/79,3,0/0/0/0/0,24/59,3/13/-1/-1/-1,1
238,t,2,30/48,13/49,12/49,28/79,3,0/0/0/0/0,24/59,3/14/-1/-1/-1,1
239,q,2,30/48,13/49,12/49,28/79,3,0/0/0/0/0,24/59,3/14/-1/-1/-1,1
240,t,2,30/48,13/49,12/49,28/79,3,0/0/0/0/0,24/59,3/14/-1/-1/-1,1
241,,2,30/48,13/49,12/49,28/79,3,0/0/0/0/0,24/59,3/14/-1/-1/-1,1
242,I,2,30/48,14/49,12/49,28/79,3,0/0/0/0/0,24/59,3/15/-1/-1/-1,1
243,J,2,30/48,14/49,12/49,28/79,3,0/0/0/0/0,24/59,3/15/-1/-1/-1,1
244,J,2,30/48,14/49,12/49,28/79,3,0/0/0/0/0,24/59,3/15/-1/-1/-1,1
245,[,2,30/48,14/49,12/49,28/79,3,0/0/0/0/0,24/59,3/15/-1/-1/-1,1
246,܌J,2,30/48,14/49,12/49,28/79,3,0/0/0/0/0,24/59,3/15/-1/-1/-1,1
247,,2,30/48,14/49,12/49,28/79,3,0/0/0/0/0,24/59,3/15/-1/-1/-1,1
248,,2,31/49,14/49,12/49,28/79,3,0/0/0/0/0,24/59,3/15/-1/-1/-1,1
249,咪,2,31/49,14/49,12/49,28/79,3,0/0/0/0/0,24/59,3/15/-1/-1/-1,1
250,,2,31/49,14/49,12/49,28/79,3,0/0/0/0/0,24/59,3/15/-1/-1/-1,1
251,r,2,31/49,14/49,12/49,28/79,3,0/0/0/0/0,24/59,3/15/-1/-1/-1,1
252,ŉ,2,31/49,14/49,12/49,28/79,3,0/0/0/0/0,24/59,3/15/-1/-1/-1,1
253,,2,31/49,14/49,12/49,28/79,3,0/0/0/0/0,24/59,3/15/-1/-1/-1,1
254,r,2,24/39,11/39,9/39,18/69,3,0/0/0/0/0,18/59,2/13/-1/-1/-1,1
255,@,2,24/39,11/39,9/39,18/69,3,0/0/0/0/0,18/59,2/13/-1/-1/-1,1
256,H,2,24/39,11/39,9/39,18/69,3,0/0/0/0/0,18/59,2/13/-1/-1/-1,1
257,,2,24/39,11/39,9/39,18/69,3,0/0/0/0/0,18/59,2/14/-1/-1/-1,1
258,,2,24/39,11/39,9/39,18/69,3,0/0/0/0/0,18/59,2/15/-1/-1/-1,1
259,e,2,24/39,11/39,9/39,18/69,3,0/0/0/0/0,18/59,2/13/-1/-1/-1,1
260,O,2,24/39,11/39,9/39,18/69,3,0/0/0/0/0,18/59,2/13/-1/-1/-1,1
261,],2,24/39,11/39,9/39,18/69,3,0/0/0/0/0,18/59,2/13/-1/-1/-1,1
262,Ñ,5,48/65,32/70,36/70,18/59,4,2/2/2/2/0,0/0,6/10/14/-1/-1,1
263,É,5,48/65,32/70,36/70,18/59,4,2/2/2/2/0,0/0,6/10/14/-1/-1,1
264,t,5,49/65,34/70,36/72,18/59,4,2/2/2/2/0,0/0,6/39/14/-1/-1,1
265,,5,55/69,42/73,48/76,24/79,4,2/2/2/2/0,0/0,6/15/25/-1/-1,1
266,ߒq,5,55/69,42/73,48/76,24/69,4,2/2/2/2/0,0/0,6/10/15/-1/-1,1
267,,5,55/69,42/73,48/77,24/69,4,2/2/2/2/0,0/0,6/10/15/-1/-1,1
268,H,5,55/69,42/73,48/77,24/69,4,2/2/2/2/0,0/0,6/10/15/-1/-1,1
269,Y,5,57/69,45/75,48/77,24/79,4,2/2/2/2/0,0/0,6/15/25/-1/-1,1
270,,5,57/69,45/75,48/77,24/79,4,2/2/2/2/0,0/0,6/15/25/-1/-1,1
271,,5,55/69,45/75,43/78,24/69,4,2/2/2/2/0,0/0,10/30/15/-1/-1,1
272,C,5,57/69,45/75,48/78,24/69,4,2/2/2/2/0,0/0,6/10/15/-1/-1,1
273,,5,56/69,46/77,42/76,24/79,4,4/4/4/4/0,0/0,6/15/25/-1/-1,1
274,},5,56/69,46/77,42/76,24/79,4,4/4/4/4/0,0/0,6/15/25/-1/-1,1
275,,9,90/98,85/98,90/99,0/0,4,3/3/3/3/0,0/0,8/8/25/-1/-1,1
276,,9,90/98,85/98,90/99,0/0,4,3/3/3/3/0,0/0,8/8/25/-1/-1,1
277,ԏ,11,77/92,40/79,0/54,0/0,4,20/20/32/10/0,0/0,21/24/16/-1/-1,1
278,,11,79/92,40/79,0/49,0/0,4,20/20/46/12/0,0/0,21/24/16/-1/-1,1
279,,11,65/89,35/69,0/39,0/0,4,18/27/18/10/0,0/0,21/24/16/-1/-1,1
280,򗴉,11,65/89,35/69,0/39,0/0,4,18/27/18/10/0,0/0,21/24/16/-1/-1,1
281,鈉,7,45/69,25/59,0/29,0/0,4,9/24/5/5/0,0/0,21/24/16/-1/-1,1
282,˖P,7,45/69,25/59,0/29,0/0,4,18/12/12/6/0,0/0,21/24/16/-1/-1,1
283,,7,50/79,30/59,0/29,0/0,4,18/18/18/12/0,0/0,21/24/16/-1/-1,1
284,,7,50/79,30/59,0/29,0/0,4,18/18/18/12/0,0/0,21/24/16/-1/-1,1
285,Pĉ,7,40/59,25/49,0/29,0/0,3,14/16/12/0/0,0/0,21/16/-1/-1/-1,1
286,}K,10,75/89,72/89,63/79,0/0,4,10/10/10/10/0,0/0,7/26/25/-1/-1,1
287,R,10,75/89,72/89,63/79,0/0,4,10/10/10/10/0,0/0,7/26/25/-1/-1,1
288,Ē߉,11,75/90,42/72,0/39,0/0,4,24/24/24/12/0,0/0,21/24/51/-1/-1,1
289,S{,3,41/59,29/59,20/59,24/79,3,1/1/1/0/0,48/79,10/39/30/-1/-1,1
290,G,3,42/59,29/59,20/59,24/79,3,1/1/1/0/0,48/79,10/40/30/-1/-1,1
291,΍q,7,57/79,32/64,0/34,0/0,4,24/16/8/8/0,0/0,21/16/51/-1/-1,1
292,cq,7,57/79,32/64,0/34,0/0,4,24/16/8/8/0,0/0,21/16/51/-1/-1,1
293,[,3,36/49,28/49,23/63,24/79,4,0/0/0/0/0,24/69,4/48/40/-1/-1,1
294,,2,32/49,14/49,12/49,28/79,3,0/0/0/0/0,27/64,3/15/-1/-1/-1,1
295,ߊ},5,49/65,34/64,36/66,18/59,4,2/2/2/2/0,0/0,6/39/14/-1/-1,1
296,΍q,7,58/79,32/65,0/34,0/0,4,24/16/11/8/0,0/0,21/39/51/-1/-1,1
297,cq,7,58/79,32/65,0/34,0/0,4,24/16/11/8/0,0/0,21/39/51/-1/-1,1
300,,2,32/49,14/49,12/49,28/79,3,0/0/0/0/0,27/64,3/15/-1/-1/-1,1
301,H_,2,32/49,14/49,8/44,28/79,3,0/0/0/0/0,27/64,15/40/-1/-1/-1,1
302,[_,2,32/49,14/49,12/50,28/80,3,0/0/0/0/0,29/67,15/28/-1/-1/-1,1
303,_,2,32/49,14/49,12/50,28/80,3,0/0/0/0/0,29/67,15/47/-1/-1/-1,1
304,g,2,32/49,14/49,12/50,28/80,3,0/0/0/0/0,29/67,15/47/-1/-1/-1,1
305,,3,45/62,31/69,28/67,24/79,3,2/2/2/0/0,26/82,65/28/-1/-1/-1,1
306,\,3,45/62,31/69,28/68,24/79,3,2/2/2/0/0,26/82,65/28/-1/-1/-1,1
307,,3,47/63,32/69,28/70,24/79,3,2/2/2/0/0,26/82,65/30/-1/-1/-1,1
308,퐶,2,24/39,11/39,9/39,18/69,3,0/0/0/0/0,18/59,48/13/-1/-1/-1,1
309,K,2,24/39,12/39,7/34,18/69,3,0/0/0/0/0,21/63,40/39/27/-1/-1,1
310,Z1,2,33/59,15/45,11/45,25/70,3,0/0/0/0/0,36/69,78/-1/-1/-1/-1,1
311,Z3,2,33/59,15/45,11/45,25/70,3,0/0/0/0/0,36/69,78/-1/-1/-1/-1,1
312,l,2,32/49,14/49,12/48,28/79,3,0/0/0/0/0,27/64,40/28/-1/-1/-1,1
313,J,2,32/49,14/49,12/48,28/79,3,0/0/0/0/0,28/68,44/46/-1/-1/-1,1
314,,3,46/62,31/69,27/65,23/78,3,2/2/2/0/0,30/84,-1/-1/-1/-1/-1,1
316,VÕ,2,34/54,14/61,12/49,32/84,3,0/0/0/0/0,28/59,15/47/87/-1/-1,1
317,Y,2,32/49,14/49,12/48,28/79,3,0/0/0/0/0,29/69,91/46/-1/-1/-1,1
318,P,7,48/70,24/57,0/32,0/0,4,21/9/9/6/0,0/0,21/82/51/-1/-1,1
319,,5,56/71,47/78,50/80,36/88,4,2/2/4/4/0,0/0,90/90/28/-1/-1,1
320,镗,2,33/49,14/49,12/48,28/79,3,0/0/0/0/0,27/64,91/44/106/-1/-1,1
321,嗄,3,47/64,32/68,32/70,0/49,4,0/6/6/0/0,0/39,65/107/106/-1/-1,1
322,Õ,2,32/49,14/49,12/48,28/79,3,0/0/0/0/0,26/64,15/91/-1/-1/-1,1
323,tJ,2,30/49,14/49,12/49,28/79,3,0/0/0/0/0,24/59,63/75/-1/-1/-1,1
324,,2,32/49,14/49,12/50,28/80,3,0/0/0/0/0,29/67,28/44/27/-1/-1,1
325,,2,32/49,14/49,12/50,28/80,3,0/0/0/0/0,29/67,28/47/27/-1/-1,1
326,t,2,31/52,14/51,13/54,32/90,3,0/0/0/0/0,30/69,-1/-1/-1/-1/-1,1
327,_,2,31/49,14/49,12/49,28/79,3,0/0/0/0/0,24/59,91/44/-1/-1/-1,1
328,R_,2,31/49,14/48,12/49,28/79,3,0/0/0/0/0,28/64,91/44/-1/-1/-1,1
329,앪,2,32/49,14/49,12/48,28/79,3,0/0/0/0/0,28/68,91/46/-1/-1/-1,1
330,H,2,37/57,16/53,24/57,24/54,3,0/0/0/0/0,30/72,122/106/40/-1/-1,1
331,V,11,48/79,26/51,0/25,0/0,4,18/24/3/6/0,0/0,40/10/-1/-1/-1,1
332,,11,48/79,27/52,0/25,0/0,4,18/24/3/6/0,0/0,39/40/-1/-1/-1,1
334,U-511,13,13/18,6/20,3/12,27/64,2,0/0/0/0/0,0/0,-1/-1/-1/-1/-1,1
343,,21,40/54,15/39,16/36,14/40,4,2/2/2/2/0,22/62,119/40/46/44/-1,1
344,,2,33/49,14/49,12/47,28/78,3,0/0/0/0/0,36/79,91/47/40/-1/-1,1
345,g,2,32/49,14/49,12/50,28/80,3,0/0/0/0/0,29/67,129/28/27/-1/-1,1
346,ƌ,2,37/57,16/52,24/58,25/56,3,0/0/0/0/0,30/72,122/106/40/-1/-1,1
347,Libeccio,2,29/46,15/50,11/48,27/72,3,0/0/0/0/0,40/80,147/147/-1/-1/-1,1
348,,16,42/62,24/48,18/45,15/72,3,12/12/8/0/0,0/0,59/41/39/-1/-1,1
349,_,2,32/49,14/49,12/50,29/81,3,0/0/0/0/0,30/69,129/28/27/-1/-1,1
350,C,2,30/48,14/49,12/49,28/79,3,0/0/0/0/0,27/63,63/44/-1/-1/-1,1
351,],2,30/48,14/49,12/49,29/80,3,0/0/0/0/0,24/59,63/28/-1/-1/-1,1
352,z,22,48/50,6/19,8/36,0/0,3,6/3/1/0/0,18/36,18/146/40/-1/-1,1
353,Graf Zeppelin,11,78/92,42/80,15/50,0/0,4,30/13/10/3/0,0/0,159/64/160/-1/-1,1
354,,2,32/49,14/49,12/49,28/79,3,0/0/0/0/0,30/70,91/45/-1/-1/-1,1
355,,2,32/49,14/49,13/50,28/79,3,0/0/0/0/0,28/68,91/15/-1/-1/-1,1
356,,21,40/54,15/39,14/37,13/39,4,2/2/2/2/0,24/69,119/74/47/44/-1,1
357,,2,37/57,17/54,25/60,24/54,3,0/0/0/0/0,30/72,122/106/40/-1/-1,1
358,Zara,5,56/68,46/78,42/75,0/40,4,2/2/2/2/0,0/0,162/163/-1/-1/-1,1
359,g,2,32/49,14/49,12/50,29/81,3,0/0/0/0/0,32/70,27/28/40/-1/-1,1
360,Iowa,8,92/103,89/107,90/115,0/0,4,4/4/4/4/0,0/0,161/172/173/171/-1,1
361,Pola,5,56/68,45/77,41/77,0/44,4,2/2/2/2/0,0/0,162/164/-1/-1/-1,1
362,e,2,32/49,14/49,13/50,28/78,3,0/0/0/0/0,27/67,63/15/-1/-1/-1,1
363,t,2,23/38,11/38,7/38,14/68,3,0/0/0/0/0,22/72,1/174/39/-1/-1,1
364,Warspite,9,82/92,78/93,86/106,0/0,4,3/3/3/3/0,0/0,190/191/-1/-1/-1,1
365,Aquila,11,48/78,28/57,0/24,0/0,4,15/26/15/10/0,0/0,184/188/-1/-1/-1,1
366,,2,24/39,11/39,9/39,18/69,3,0/0/0/0/0,27/61,48/13/27/-1/-1,1
367,26,14,18/24,5/19,3/12,39/86,2,1/1/0/0/0,0/0,-1/-1/-1/-1/-1,1
368,Yg,2,30/49,13/49,12/49,28/79,3,0/0/0/0/0,24/59,91/39/-1/-1/-1,1
369,R,2,30/48,14/48,13/51,28/82,3,0/0/0/0/0,30/69,63/46/44/-1/-1,1
370,,2,23/38,10/37,8/42,14/69,3,0/0/0/0/0,18/68,1/174/44/-1/-1,1
371,,2,23/38,10/37,7/39,14/68,3,0/0/0/0/0,45/70,1/46/44/-1/-1,1
372,Commandant Teste,16,43/64,26/56,32/58,0/0,4,12/12/7/7/0,0/0,194/-1/-1/-1/-1,1
373,g,2,32/49,14/49,12/52,27/79,3,0/0/0/0/0,39/66,28/27/39/-1/-1,1
374,13,14,21/36,6/22,5/16,32/72,3,2/1/0/0/0,0/0,211/-1/-1/-1/-1,1
375,14,14,22/37,6/23,4/12,32/68,3,2/1/0/0/0,0/0,62/-1/-1/-1/-1,1
376,,1,17/28,7/33,5/35,0/0,3,0/0/0/0/0,51/77,44/226/39/-1/-1,1
377,,1,17/28,7/33,5/36,0/0,3,0/0/0/0/0,50/75,229/44/-1/-1/-1,1
380,,7,47/72,22/52,0/23,0/0,4,14/14/5/3/0,73/79,82/16/-1/-1/-1,1
383,𑨉,1,17/28,7/33,5/37,0/0,3,0/0/0/0/0,37/79,229/226/39/-1/-1,1
398,168,13,15/19,5/18,3/11,30/69,2,0/0/0/0/0,0/0,-1/-1/-1/-1/-1,1
399,58,14,18/24,5/19,3/12,36/84,2,1/1/0/0/0,0/0,-1/-1/-1/-1/-1,1
400,8,14,19/25,5/19,4/14,36/84,2,1/1/0/0/0,0/0,-1/-1/-1/-1/-1,1
401,19,14,18/24,5/19,3/12,42/89,2,1/1/0/0/0,0/0,-1/-1/-1/-1/-1,1
402,܂,13,7/13,2/11,1/5,0/19,1,0/0/0/0/0,0/0,-1/-1/-1/-1/-1,1
403,401,14,24/39,7/24,6/19,40/80,2,3/3/0/0/0,0/0,62/-1/-1/-1/-1,1
404,_,11,48/79,26/52,0/27,0/0,4,18/24/3/6/0,0/0,40/51/-1/-1/-1,1
405,tJ,2,16/32,6/19,10/29,24/69,2,0/0/0/0/0,21/49,2/92/-1/-1/-1,1
406,_,11,60/84,35/77,0/48,0/0,4,18/21/27/3/0,0/0,109/111/112/54/-1,1
407,,2,33/53,15/56,10/53,25/80,3,0/0/0/0/0,32/72,40/39/44/-1/-1,1
408,,7,55/82,31/62,0/40,0/0,4,24/18/20/4/0,0/0,22/106/30/51/-1,1
409,,2,16/34,6/19,10/30,24/69,2,0/0/0/0/0,27/52,2/39/-1/-1/-1,1
410,,2,16/34,6/19,10/30,24/69,2,0/0/0/0/0,27/52,2/39/-1/-1/-1,1
411,}K,10,77/94,72/90,80/99,0/0,4,4/4/9/23/0,0/0,-1/-1/-1/-1/-1,1
412,R,10,77/94,73/91,80/98,0/0,4,4/4/9/23/0,0/0,105/8/74/80/-1,1
413,_,2,16/33,6/19,10/29,24/69,2,0/0/0/0/0,21/49,2/14/-1/-1/-1,1
414,R_,2,16/33,6/19,10/29,24/69,2,0/0/0/0/0,23/50,2/14/-1/-1/-1,1
415,앪,2,16/34,6/19,10/29,24/69,2,0/0/0/0/0,24/49,2/14/-1/-1/-1,1
416,Ñ,5,53/65,34/72,39/77,24/75,4,2/2/2/2/0,0/0,90/90/74/-1/-1,1
417,É,5,52/64,33/72,40/78,25/77,4,2/2/2/2/0,0/0,90/90/74/39/-1,1
418,H,2,28/44,12/45,8/42,27/78,3,0/0/0/0/0,30/81,131/125/106/-1/-1,1
419,,2,32/53,14/51,12/55,28/84,3,0/0/0/0/0,28/69,91/106/120/-1/-1,1
420,p_,2,31/49,14/50,14/57,32/89,3,0/0/0/0/0,28/69,91/91/125/-1/-1,1
421,H,2,20/40,9/27,16/48,16/48,3,0/0/0/0/0,27/63,122/15/39/-1/-1,1
422,ƌ,2,20/40,9/26,16/49,16/49,3,0/0/0/0/0,27/63,122/15/39/-1/-1,1
423,,2,20/40,9/28,18/50,15/47,3,0/0/0/0/0,26/62,122/15/40/-1/-1,1
424,g,2,16/34,6/19,10/30,24/69,2,0/0/0/0/0,27/52,2/39/-1/-1/-1,1
425,,2,16/34,6/19,10/29,24/68,2,0/0/0/0/0,35/64,2/46/-1/-1/-1,1
426,,2,31/49,14/50,15/59,30/88,3,0/0/0/0/0,26/68,125/121/106/-1/-1,1
427,C,5,57/72,46/78,55/85,35/86,4,3/3/3/3/0,0/0,90/129/74/88/-1,1
428,,5,57/71,48/78,42/77,34/84,4,3/3/3/3/0,0/0,90/131/121/10/-1,1
429,V,11,60/84,35/76,0/45,0/0,4,18/21/27/3/0,0/0,109/111/112/51/-1,1
430,,11,60/84,36/78,0/45,0/0,4,18/21/27/3/0,0/0,109/113/39/51/-1,1
431,U-511,13,8/16,4/16,2/8,22/58,1,0/0/0/0/0,0/0,126/-1/-1/-1/-1,1
432,Graf Zeppelin,11,70/89,29/57,10/40,0/0,3,20/13/10/0/0,0/0,158/160/-1/-1/-1,1
433,Saratoga,11,83/93,40/63,30/45,0/0,4,27/19/19/15/0,0/0,197/196/-1/-1/-1,1
434,r,2,27/43,12/43,10/45,28/79,3,0/0/0/0/0,28/69,91/125/34/-1/-1,1
435,@,2,27/43,12/43,10/46,28/80,3,0/0/0/0/0,27/69,91/125/34/-1/-1,1
436,C500,13,13/19,7/21,4/13,30/69,2,0/0/0/0/0,0/0,127/-1/-1/-1/-1,1
437,ŉ,2,31/50,14/50,14/62,32/90,3,0/0/0/0/0,28/66,91/74/125/-1/-1,1
438,Saratoga,11,88/98,48/83,0/53,0/0,4,36/18/18/18/0,0/0,198/195/-1/-1/-1,1
439,Warspite,9,72/87,72/91,72/92,0/0,4,3/3/3/3/0,0/0,190/-1/-1/-1/-1,1
440,Iowa,8,84/95,79/95,85/105,0/0,4,4/4/4/4/0,0/0,161/172/-1/-1/-1,1
441,Littorio,8,88/94,72/86,78/97,0/0,4,3/3/3/3/0,0/0,133/134/136/-1/-1,1
442,Roma,8,88/94,71/85,79/98,0/0,4,3/3/3/3/0,0/0,133/134/136/-1/-1,1
443,Libeccio,2,15/30,7/18,9/27,22/58,2,0/0/0/0/0,30/60,147/-1/-1/-1/-1,1
444,Aquila,11,38/60,18/38,0/14,0/0,3,10/26/15/0/0,0/0,184/-1/-1/-1/-1,1
445,HÏF,16,32/44,9/25,6/18,0/0,2,1/1/0/0/0,0/0,10/39/-1/-1/-1,1
446,Italia,8,92/98,77/92,81/102,0/0,4,3/3/3/3/0,0/0,137/134/135/-1/-1,1
447,Roma,8,92/98,76/90,82/105,0/0,4,3/3/3/3/0,0/0,137/134/135/-1/-1,1
448,Zara,5,42/55,36/54,36/58,0/28,3,2/2/2/0/0,0/0,162/-1/-1/-1/-1,1
449,Pola,5,42/55,35/53,35/59,0/32,3,2/2/2/0/0,0/0,162/-1/-1/-1/-1,1
450,HÏF,16,36/48,13/42,8/28,0/0,3,1/1/1/0/0,0/0,138/40/-1/-1/-1,1
451,,16,41/59,19/42,12/36,0/32,2,12/12/0/0/0,0/0,10/59/-1/-1/-1,1
452,g,2,16/34,6/19,10/30,24/69,2,0/0/0/0/0,28/53,2/39/-1/-1/-1,1
453,_,2,16/34,6/19,10/30,25/70,2,0/0/0/0/0,27/52,2/39/-1/-1/-1,1
454,,2,16/34,6/19,10/29,24/69,2,0/0/0/0/0,28/62,2/44/-1/-1/-1,1
455,,2,16/34,6/19,11/30,24/69,2,0/0/0/0/0,26/59,2/39/-1/-1/-1,1
456,e,2,16/34,6/19,10/30,24/68,2,0/0/0/0/0,23/47,2/14/-1/-1/-1,1
457,R,2,16/32,6/19,11/31,24/69,2,0/0/0/0/0,19/42,2/-1/-1/-1/-1,1
458,C,2,16/32,6/19,10/29,24/69,2,0/0/0/0/0,23/50,2/-1/-1/-1/-1,1
459,],2,16/32,6/19,10/29,25/70,2,0/0/0/0/0,21/49,2/-1/-1/-1/-1,1
460,z,22,43/50,3/15,4/22,0/0,2,6/1/0/0/0,5/20,26/146/-1/-1/-1,1
461,Ē߉,11,77/93,43/77,0/63,0/0,4,27/27/27/12/0,0/0,-1/-1/-1/-1/-1,1
462,߉,11,78/93,44/78,0/56,0/0,4,28/26/26/13/0,0/0,-1/-1/-1/-1/-1,1
463,,2,31/53,14/52,18/68,36/92,3,0/0/0/0/0,26/59,-1/-1/-1/-1/-1,1
464,,2,31/53,14/50,16/63,33/92,3,0/0/0/0/0,28/68,-1/-1/-1/-1/-1,1
465,,21,36/48,9/27,13/27,11/24,3,1/1/1/0/0,13/43,119/10/44/-1/-1,1
466,Ē߉b,18,78/94,49/83,0/70,0/0,4,34/21/12/9/0,0/0,-1/-1/-1/-1/-1,1
467,߉b,18,79/94,49/84,0/65,0/0,4,34/24/12/6/0,0/0,-1/-1/-1/-1/-1,1
468,,2,34/59,15/55,12/52,36/86,3,0/0/0/0/0,45/89,-1/-1/-1/-1/-1,1
469,],2,31/54,14/51,16/62,38/96,3,0/0/0/0/0,25/63,63/15/101/-1/-1,1
470,,2,31/53,15/52,12/59,30/83,3,0/0/0/0/0,28/68,-1/-1/-1/-1/-1,1
471,_,2,12/23,5/17,5/28,12/36,2,0/0/0/0/0,20/60,1/174/-1/-1/-1,1
472,,2,12/23,5/17,5/29,12/37,2,0/0/0/0/0,55/76,1/174/-1/-1/-1,1
473,t,2,12/23,5/17,5/27,12/36,2,0/0/0/0/0,18/56,1/174/-1/-1/-1,1
474,,2,12/23,5/17,5/28,12/38,2,0/0/0/0/0,21/62,1/174/-1/-1/-1,1
476,_,2,23/38,10/38,8/41,14/68,3,0/0/0/0/0,24/64,1/174/28/-1/-1,1
481,,2,13/24,5/18,6/29,18/49,2,0/0/0/0/0,17/41,1/-1/-1/-1/-1,1
483,26,13,14/19,4/18,2/9,32/75,1,0/0/0/0/0,0/0,-1/-1/-1/-1/-1,1
485,g,2,16/34,6/19,10/31,24/69,2,0/0/0/0/0,26/53,2/39/-1/-1/-1,1
486,Yg,2,15/29,5/19,10/29,27/69,2,0/0/0/0/0,20/49,2/13/-1/-1/-1,1
487,S{,3,45/61,29/68,15/55,28/82,3,1/1/1/0/0,49/85,91/131/68/-1/-1,1
490,r,2,31/54,14/52,19/69,33/88,3,0/0/0/0/0,26/59,68/74/15/-1/-1,1
491,Commandant Teste,16,42/63,24/50,28/48,0/0,3,12/7/7/0/0,0/0,194/-1/-1/-1/-1,1
494,13,14,18/23,5/22,2/9,27/68,2,2/0/0/0/0,0/0,-1/-1/-1/-1/-1,1
495,14,14,18/23,5/22,2/9,27/66,2,2/0/0/0/0,0/0,-1/-1/-1/-1/-1,1
496,Zara due,5,62/74,55/88,57/87,0/48,4,6/3/3/3/0,0/0,164/162/72/-1/-1,1
499,_Љ,16,37/48,13/29,6/22,0/0,3,11/8/3/0/0,0/0,-1/-1/-1/-1/-1,1
500,_Љ,22,39/51,17/33,7/25,0/0,3,1/1/1/0/0,null,-1/-1/-1/-1/-1,1
503,J,6,61/73,42/74,30/76,40/88,4,3/3/7/11/0,0/0,-1/-1/-1/-1/-1,1
508,Jq,7,61/73,42/74,0/56,0/0,4,15/12/12/8/0,0/0,-1/-1/-1/-1/-1,1
511,Cp~s,8,59/79,55/73,55/78,14/28,4,1/1/1/1/0,0/0,231/231/-1/-1/-1,1
512,O{q{p ur|y,8,72/87,68/90,65/89,0/0,4,1/1/1/1/0,0/0,232/-1/-1/-1/-1,1
513,Cp~s trp,8,77/92,71/95,66/90,16/32,4,1/1/2/2/0,0/0,232/-1/-1/-1/-1,1
517,,1,9/18,4/16,4/18,0/0,2,0/0/0/0/0,32/72,1/39/-1/-1/-1,1
518,,1,9/18,4/16,4/19,0/0,2,0/0/0/0/0,31/70,1/39/-1/-1/-1,1
521,t,7,36/58,14/32,0/9,0/0,2,14/9/0/0/0,0/0,228/-1/-1/-1/-1,1
524,,1,9/18,4/16,4/18,0/0,2,0/0/0/0/0,35/72,1/39/-1/-1/-1,1
526,,7,37/59,15/34,0/12,0/0,3,14/11/2/0/0,35/59,228/16/-1/-1/-1,1
529,,7,49/74,26/55,18/39,0/0,4,14/14/8/3/0,87/89,83/-1/-1/-1/-1,1
541,,9,91/99,88/110,91/118,0/0,4,3/3/6/3/0,0/0,8/105/71/73/-1,1
1501,쒀C,2,20/20,5/5,5/5,15/15,2,0/0/0/0/0,25/25,501/-1/-1/-1/-1,0
1502,쒀,2,22/22,6/6,7/7,16/16,2,0/0/0/0/0,25/25,502/-1/-1/-1/-1,0
1503,쒀n,2,24/24,7/7,6/6,16/16,2,0/0/0/0/0,30/30,502/513/-1/-1/-1,0
1504,쒀j,2,28/28,9/9,8/8,24/24,2,0/0/0/0/0,35/35,502/513/-1/-1/-1,0
1505,yz,3,33/33,15/15,14/14,24/24,2,1/1/0/0/0,30/30,504/525/-1/-1/-1,0
1506,yw,3,36/36,18/18,16/16,28/28,2,1/1/0/0/0,40/40,506/525/-1/-1/-1,0
1507,yg,3,39/39,20/20,24/24,28/28,3,2/2/2/0/0,50/50,506/513/525/-1/-1,0
1508,`,4,48/48,22/22,18/18,48/48,3,2/2/2/0/0,30/30,504/513/513/-1/-1,0
1509,d,5,58/58,28/28,32/32,32/32,3,3/3/3/0/0,0/0,505/513/525/-1/-1,0
1510,yk,7,65/65,25/25,0/0,0/0,3,18/18/18/0/0,0/0,519/523/516/-1/-1,0
1511,̓,9,90/90,70/70,65/65,0/0,3,3/3/3/0/0,0/0,509/512/525/-1/-1,0
1512,ꃒ,11,85/85,40/40,0/0,0/0,3,27/27/27/0/0,0/0,519/523/516/-1/-1,0
1513,A,15,70/70,10/10,0/0,0/0,0,0/0/0/0/0,0/0,-1/-1/-1/-1/-1,0
1514,쒀Celite,2,30/30,12/12,15/15,32/32,2,0/0/0/0/0,35/35,501/514/-1/-1/-1,0
1515,쒀elite,2,35/35,14/14,20/20,32/32,2,0/0/0/0/0,35/35,502/514/-1/-1/-1,0
1516,쒀nelite,2,40/40,16/16,15/15,32/32,2,0/0/0/0/0,40/40,502/515/-1/-1/-1,0
1517,쒀jelite,2,45/45,18/18,20/20,40/40,2,0/0/0/0/0,45/45,502/515/-1/-1/-1,0
1518,yzelite,3,48/48,30/30,30/30,40/40,2,1/1/0/0/0,40/40,504/525/-1/-1/-1,0
1519,ywelite,3,52/52,32/32,34/34,48/48,2,1/1/0/0/0,45/45,506/525/-1/-1/-1,0
1520,ygelite,3,55/55,36/36,36/36,48/48,3,2/2/2/0/0,50/50,506/513/525/-1/-1,0
1521,`elite,4,50/50,34/34,35/35,72/72,3,2/2/2/0/0,40/40,506/514/514/-1/-1,0
1522,delite,5,60/60,60/60,58/58,42/42,4,3/3/3/3/0,0/0,505/506/525/525/-1,0
1523,ykelite,7,70/70,35/35,0/0,0/0,3,24/24/24/0/0,0/0,520/523/516/-1/-1,0
1524,̓elite,9,90/90,85/85,85/85,0/0,4,3/3/3/3/0,0/0,509/509/512/528/-1,0
1525,ꃒelite,11,88/88,55/55,0/0,0/0,3,30/30/30/0/0,0/0,520/517/524/-1/-1,0
1526,Aelite,15,80/80,35/35,15/15,0/0,3,0/0/0/0/0,0/0,501/503/503/-1/-1,0
1527,dflagship,5,76/76,70/70,68/68,48/48,4,4/4/4/4/0,0/0,505/506/515/525/-1,0
1528,ꃒflagship,11,96/96,80/80,25/25,0/0,3,32/32/32/0/0,0/0,520/517/524/-1/-1,0
1529,̓flagship,9,98/98,99/99,90/90,0/0,4,5/5/5/5/0,0/0,509/509/525/528/-1,0
1530,J,13,19/19,7/7,0/0,42/42,2,0/0/0/0/0,0/0,513/513/-1/-1/-1,0
1531,,13,24/24,9/9,0/0,52/52,2,0/0/0/0/0,0/0,514/514/-1/-1/-1,0
1532,Jelite,13,27/27,21/21,0/0,64/64,3,0/0/0/0/0,0/0,515/513/513/-1/-1,0
1533,elite,13,34/34,27/27,0/0,74/74,3,0/0/0/0/0,0/0,515/514/514/-1/-1,0
1534,Jflagship,13,37/37,30/30,0/0,86/86,3,0/0/0/0/0,0/0,515/515/513/-1/-1,0
1535,flagship,13,44/44,36/36,0/0,96/96,3,0/0/0/0/0,0/0,515/515/514/-1/-1,0
1536,Vv,5,88/88,40/40,50/50,40/40,3,30/30/30/0/0,0/0,505/520/517/-1/-1,0
1537,Vv,5,88/88,40/40,50/50,40/40,3,30/30/30/0/0,0/0,505/520/517/-1/-1,0
1538,Vv,5,88/88,40/40,50/50,40/40,3,30/30/30/0/0,0/0,505/520/517/-1/-1,0
1539,nS,5,180/180,80/80,90/90,60/60,3,60/60/60/0/0,0/0,536/520/524/-1/-1,0
1540,nP,5,300/300,90/90,96/96,90/90,3,60/60/60/0/0,0/0,536/520/524/-1/-1,0
1541,̓^,8,84/84,80/80,60/60,0/0,4,4/4/4/4/0,0/0,508/508/512/525/-1,0
1542,̓^elite,8,88/88,88/88,75/75,0/0,4,4/4/4/4/0,0/0,509/508/512/528/-1,0
1543,̓^flagship,8,90/90,96/96,85/85,0/0,4,4/4/4/4/0,0/0,509/509/525/529/-1,0
1544,bS,10,150/150,80/80,70/70,80/80,3,80/80/0/0/0,0/0,520/524/508/-1/-1,0
1545,bP,10,270/270,90/90,90/90,90/90,3,96/96/0/0/0,0/0,520/517/508/-1/-1,0
1546,S,5,180/180,90/90,90/90,80/80,3,0/0/50/0/0,0/0,509/505/520/-1/-1,0
1547,S,6,240/240,10/10,120/120,90/90,3,0/70/70/0/0,0/0,509/520/524/-1/-1,0
1548,P,5,350/350,120/120,160/160,100/100,3,0/0/90/0/0,0/0,509/509/520/-1/-1,0
1549,qv(A),5,66/66,50/50,55/55,45/45,3,0/35/35/0/0,0/0,505/520/524/-1/-1,0
1550,qv(B),5,66/66,50/50,55/55,45/45,3,0/35/35/0/0,0/0,505/520/517/-1/-1,0
1551,qv(C),5,66/66,50/50,55/55,45/45,3,0/35/35/0/0,0/0,505/520/517/-1/-1,0
1552,쒀flagship,2,43/43,24/24,33/33,60/60,3,0/0/0/0/0,55/55,502/515/542/-1/-1,0
1553,쒀nflagship,2,47/47,27/27,30/30,60/60,3,0/0/0/0/0,60/60,502/515/542/-1/-1,0
1554,yzflagship,3,53/53,36/36,42/42,72/72,3,2/2/2/2/0,70/70,504/542/543/-1/-1,0
1555,ywflagship,3,57/57,39/39,48/48,80/80,4,2/2/2/2/0,80/80,506/525/542/543/-1,0
1556,sP,12,500/500,140/140,70/70,0/0,4,98/98/98/98/0,0/0,520/520/524/517/-1,0
1557,͐P,9,400/400,160/160,180/180,0/0,4,0/0/0/0/0,0/0,509/509/512/529/-1,0
1558,Aflagship,15,130/130,65/65,55/55,0/0,3,0/0/0/0/0,0/0,506/504/504/-1/-1,0
1559,`flagship,4,70/70,60/60,50/50,120/120,3,1/1/1/0/0,50/50,506/515/515/-1/-1,0
1560,ykflagship,7,84/84,70/70,18/18,0/0,4,22/22/22/22/0,0/0,520/524/524/517/-1,0
1561,̓,10,180/180,110/110,90/90,100/100,4,0/0/0/140/0,90/90,509/512/515/546/-1,0
1562,̓elite,10,270/270,130/130,130/130,120/120,4,0/0/0/180/0,100/100,509/512/541/546/-1,0
1564,쒀Cflagship,2,39/39,24/24,32/32,60/60,3,0/0/0/0/0,82/82,531/545/542/-1/-1,0
1565,ꃒflagship,11,160/160,120/120,40/40,0/0,4,36/36/36/36/0,0/0,521/524/518/518/-1,0
1566,dflagship,5,88/88,80/80,88/88,80/80,4,4/4/4/4/0,0/0,505/505/515/526/-1,0
1567,̓flagship,9,130/130,110/110,110/110,0/0,4,5/5/5/5/0,0/0,509/509/529/526/-1,0
1570,\,13,33/33,15/15,24/24,70/70,2,0/0/0/0/0,0/0,515/503/-1/-1/-1,0
1571,\elite,13,45/45,30/30,30/30,100/100,3,0/0/0/0/0,0/0,515/515/503/-1/-1,0
1572,\flagship,13,48/48,42/42,30/30,135/135,3,0/0/0/0/0,0/0,515/515/515/-1/-1,0
1573,`pP,12,380/380,135/135,100/100,0/0,4,80/80/80/80/0,0/0,521/524/517/517/-1,0
1574,S,12,450/450,150/150,150/150,0/0,4,90/90/90/90/0,0/0,521/524/518/518/-1,0
1575,쒀C^,2,35/35,22/22,38/38,60/60,3,0/0/0/0/0,72/72,502/545/542/-1/-1,0
1576,쒀^,2,37/37,26/26,38/38,66/66,3,0/0/0/0/0,80/80,502/545/542/-1/-1,0
1577,쒀n^,2,38/38,29/29,44/44,72/72,3,0/0/0/0/0,80/80,502/515/542/-1/-1,0
1578,쒀j^,2,40/40,33/33,48/48,84/84,3,0/0/0/0/0,88/88,502/515/542/-1/-1,0
1579,ꃒflagship,11,96/96,80/80,25/25,0/0,4,32/32/27/5/0,0/0,547/548/549/549/-1,0
1581,kP(14č),12,360/360,135/135,90/90,0/0,4,0/72/64/36/0,0/0,504/521/548/517/-1,0
1582,kP(14čŏI),12,500/500,145/145,170/170,0/0,4,0/72/80/40/0,0/0,504/547/548/549/-1,0
1583,ԐP,12,550/550,135/135,100/100,0/0,5,0/64/58/58/0,0/0,505/547/548/549/-1,0
1584,ԐP,12,600/600,180/180,180/180,0/0,5,0/84/96/0/0,0/0,505/547/548/532/-1,0
1585,ꐱS,11,250/250,138/138,120/120,0/0,4,48/48/48/0/0,0/0,547/548/549/532/-1,0
1586,ꐱP,11,350/350,150/150,180/180,0/0,4,60/52/56/0/0,0/0,547/548/549/532/-1,0
1587,kP(3-5),12,300/300,125/125,80/80,0/0,4,0/72/64/36/0,0/0,504/521/548/517/-1,0
1588,kP(3-5ŏI),12,390/390,140/140,140/140,0/0,4,0/72/72/40/0,0/0,504/547/548/549/-1,0
1589,kP(3-5),12,300/300,110/110,60/60,0/0,4,0/64/48/36/0,0/0,504/521/548/517/-1,0
1590,kP(3-5ŏI),12,390/390,125/125,140/140,0/0,4,0/64/68/40/0,0/0,504/547/548/549/-1,0
1591,yc,3,48/48,55/55,58/58,84/84,4,0/0/3/3/0,96/96,550/550/545/525/-1,0
1592,ycelite,3,66/66,68/68,64/64,92/92,4,0/0/3/3/0,98/98,550/550/545/525/-1,0
1594,dl,5,80/80,82/82,73/73,66/66,4,0/0/0/4/0,0/0,505/505/515/525/-1,0
1595,dlelite,5,88/88,89/89,79/79,74/74,4,0/0/0/4/0,0/0,505/505/515/525/-1,0
1597,쒀P(),2,150/150,100/100,59/59,90/90,3,0/0/0/0/0,null,502/502/515/-1/-1,0
1598,쒀P(ŏI),2,190/190,115/115,69/69,90/90,3,0/0/0/0/0,null,502/502/515/-1/-1,0
1599,ꐅS,11,370/370,170/170,140/140,0/0,4,66/60/60/0/0,0/0,547/548/549/532/-1,0
1600,ꐅS,11,390/390,190/190,190/190,0/0,4,66/60/60/0/0,0/0,547/548/549/532/-1,0
1601,yS(),3,210/210,135/135,59/59,88/88,4,0/0/0/3/0,null,506/506/529/525/-1,0
1602,yS(ŏI),3,270/270,170/170,69/69,98/98,4,0/0/0/3/0,null,506/506/529/525/-1,0
1603,͐S,9,415/415,168/168,188/188,0/0,4,0/0/0/6/0,0/0,551/551/529/525/-1,0
1604,͐S,9,500/500,200/200,198/198,0/0,4,0/0/0/6/0,0/0,551/551/529/525/-1,0
1605,`pS,12,450/450,120/120,120/120,0/0,4,0/0/90/90/0,null,551/551/547/548/-1,0
1606,`pS,12,450/450,140/140,130/130,0/0,4,0/0/108/108/0,null,551/551/547/548/-1,0
1607,`pS,12,500/500,140/140,140/140,0/0,4,0/0/108/108/0,null,551/551/547/548/-1,0
1608,`pS,12,500/500,160/160,160/160,0/0,4,0/0/130/130/0,null,551/551/547/548/-1,0
1609,nS,12,330/330,200/200,120/120,0/0,4,0/0/0/120/0,null,536/508/508/548/-1,0
1610,nS,12,330/330,220/220,130/130,0/0,4,0/0/0/140/0,null,536/508/508/548/-1,0
1611,nS,12,430/430,220/220,140/140,0/0,4,0/0/0/160/0,null,536/551/551/548/-1,0
1612,nS,12,430/430,240/240,150/150,0/0,4,0/0/0/180/0,null,536/551/551/548/-1,0
1613,`pP,12,490/490,177/177,180/180,0/0,4,0/0/0/180/0,0/0,552/552/536/549/-1,0
1614,ꃒflagship,11,96/96,80/80,25/25,0/0,4,32/32/27/5/0,0/0,556/548/558/549/-1,0
1615,ꃒflagship,11,96/96,80/80,25/25,0/0,4,32/32/27/5/0,0/0,556/557/558/558/-1,0
1616,ꃒflagship,11,160/160,120/120,40/40,0/0,4,36/36/36/36/0,0/0,547/548/549/549/-1,0
1617,ꃒflagship,11,160/160,120/120,40/40,0/0,4,36/36/36/36/0,0/0,556/548/558/549/-1,0
1618,ꃒflagship,11,160/160,120/120,40/40,0/0,4,36/36/36/36/0,0/0,556/557/558/558/-1,0
1619,ꐱS(),11,250/250,138/138,120/120,0/0,4,48/48/48/0/0,0/0,556/557/558/532/-1,0
1620,ꐱP(),11,350/350,150/150,180/180,0/0,4,60/52/56/0/0,0/0,556/557/558/532/-1,0
1621,쒀C^elite,2,39/39,30/30,48/48,76/76,3,0/0/0/0/0,null,502/502/559/-1/-1,0
1622,쒀^elite,2,43/43,36/36,58/58,88/88,3,0/0/0/0/0,null,502/502/559/-1/-1,0
1623,쒀n^elite,2,46/46,36/36,58/58,76/76,3,0/0/0/0/0,null,502/559/544/-1/-1,0
1624,쒀j^elite,2,49/49,48/48,64/64,98/98,3,0/0/0/0/0,null,502/502/559/-1/-1,0
1625,ꐱP,16,350/350,150/150,75/75,88/88,4,0/0/0/32/0,null,550/550/541/554/-1,0
1626,ꐱP,16,350/350,175/175,95/95,98/98,4,0/0/0/64/0,null,550/550/541/555/-1,0
1627,ꐱP,16,350/350,195/195,115/115,98/98,4,0/0/0/96/0,null,550/550/541/555/-1,0
1628,h󐱕P,2,255/255,273/273,130/130,85/85,3,0/0/0/0/0,null,553/553/559/-1/-1,0
1629,h󐱕P,2,255/255,303/303,160/160,90/90,3,0/0/0/0/0,null,553/553/559/-1/-1,0
1630,h󐱕P,2,255/255,333/333,190/190,95/95,3,0/0/0/0/0,null,553/553/531/-1/-1,0
1631,sP,12,500/500,160/160,85/85,0/0,4,98/98/98/98/0,0/0,556/548/558/549/-1,0
1632,sP,12,500/500,175/175,90/90,0/0,4,98/98/98/98/0,0/0,556/557/558/549/-1,0
1633,sP,12,500/500,190/190,95/95,0/0,4,98/98/98/98/0,0/0,556/557/558/558/-1,0
1634,S,12,450/450,155/155,150/150,0/0,4,90/90/90/90/0,0/0,556/557/548/549/-1,0
1635,S,12,450/450,170/170,165/165,0/0,4,90/90/90/90/0,0/0,556/548/558/549/-1,0
1636,S,12,450/450,185/185,180/180,0/0,4,90/90/90/90/0,0/0,556/557/558/558/-1,0
1637,PTSQ,1,9/9,19/19,9/9,88/88,2,0/0/0/0/0,null,515/-1/-1/-1/-1,0
1638,PTSQ,1,9/9,29/29,9/9,98/98,2,0/0/0/0/0,null,515/515/-1/-1/-1,0
1639,PTSQ,1,15/15,29/29,15/15,98/98,2,0/0/0/0/0,null,515/515/-1/-1/-1,0
1640,PTSQ,1,18/18,39/39,18/18,118/118,2,0/0/0/0/0,null,515/515/-1/-1/-1,0
1641,yP,3,230/230,145/145,64/64,93/93,4,0/0/0/0/0,null,511/511/515/560/-1,0
1642,yP,3,290/290,175/175,74/74,96/96,4,0/0/0/0/0,null,511/511/515/560/-1,0
1643,yP,3,330/330,185/185,79/79,99/99,4,0/0/0/0/0,null,511/511/515/560/-1,0
1644,P,13,110/110,53/53,50/50,140/140,3,0/0/0/0/0,null,515/515/515/-1/-1,0
1645,P,13,130/130,73/73,70/70,155/155,3,0/0/0/0/0,null,541/515/515/-1/-1,0
1646,P,13,160/160,93/93,90/90,170/170,3,0/0/0/0/0,null,541/541/515/-1/-1,0
1647,쒀S,2,255/255,150/150,100/100,110/110,4,0/0/0/0/0,null,502/502/515/531/-1,0
1648,쒀S,2,255/255,170/170,120/120,120/120,4,0/0/0/0/0,null,502/502/515/531/-1,0
1649,쒀S,2,255/255,180/180,140/140,130/130,4,0/0/0/0/0,null,502/502/541/531/-1,0
1650,sP,12,500/500,120/140,50/50,0/0,4,12/12/6/6/0,0/0,561/561/561/561/-1,0
1651,sP,12,500/500,120/140,60/60,0/0,4,24/12/6/6/0,0/0,562/561/561/561/-1,0
1652,sP,12,500/500,120/140,70/70,0/0,4,24/24/12/12/0,0/0,562/562/561/561/-1,0
1653,WϒnP,12,600/600,100/100,70/70,88/88,4,12/12/6/6/0,0/0,561/561/561/561/-1,0
1654,WϒnP,12,600/600,130/130,90/90,98/98,4,24/12/6/6/0,0/0,562/561/561/561/-1,0
1655,WϒnP,12,600/600,160/160,130/130,118/118,4,24/24/12/12/0,0/0,562/562/561/561/-1,0
1656,WϒnP-,12,380/380,130/130,130/130,88/88,4,24/12/6/6/0,0/0,562/561/561/561/-1,0
1657,WϒnP-,12,430/430,160/160,160/160,98/98,4,24/24/12/12/0,0/0,562/562/561/561/-1,0
1658,WϒnP-,12,480/480,190/190,190/190,118/118,4,36/24/24/12/0,0/0,562/562/562/561/-1,0
1659,dP,5,350/350,145/145,100/100,66/66,4,null,0/0,563/563/515/564/-1,0
1660,dP,5,350/350,175/175,130/130,74/74,4,null,0/0,563/563/515/564/-1,0
1661,dP,5,350/350,195/195,160/160,82/82,4,0/0/0/4/0,0/0,563/563/515/564/-1,0
1662,dP,5,370/370,158/158,130/130,74/74,4,null,0/0,563/563/515/564/-1,0
1663,dP,5,380/380,188/188,160/160,82/82,4,null,0/0,563/563/515/564/-1,0
1664,dP,5,390/390,208/208,190/190,90/90,4,0/0/0/4/0,0/0,563/563/515/564/-1,0
1665,C䏬S,9,130/130,110/110,100/100,0/0,4,0/0/0/0/0,null,565/565/539/567/-1,0
1666,C䏬S,9,130/130,105/105,100/100,0/0,4,0/0/0/0/0,null,565/540/539/567/-1,0
1667,C䏬S,9,130/130,100/100,100/100,0/0,4,0/0/0/0/0,null,565/553/539/567/-1,0
1668,P,11,480/480,190/190,150/150,0/0,4,16/12/12/8/0,null,562/561/561/566/-1,0
1669,P,11,480/480,190/190,150/150,0/0,4,20/18/18/8/0,null,562/561/566/566/-1,0
1670,P,11,null,null,null,null,4,null,null,null,0
1671,P,10,480/480,190/190,180/180,0/0,4,0/0/32/32/0,null,565/565/566/566/-1,0
1672,P,9,480/480,190/190,180/180,0/0,4,0/0/0/0/0,null,565/565/540/567/-1,0
1673,쒀ËS,2,170/170,149/149,80/80,100/100,4,0/0/0/0/0,null,501/501/541/531/-1,0
1674,쒀ËS,2,180/180,158/158,88/88,110/110,4,0/0/0/0/0,null,501/501/541/531/-1,0
1675,쒀ËS,2,190/190,167/167,96/96,120/120,4,0/0/0/0/0,null,501/501/541/531/-1,0
1676,쒀S,2,200/200,155/155,100/100,110/110,4,0/0/0/0/0,null,502/502/515/531/-1,0
1677,쒀S,2,220/220,160/160,120/120,120/120,4,0/0/0/0/0,null,502/502/515/531/-1,0
1678,쒀S,2,240/240,170/170,140/140,130/130,4,0/0/0/0/0,null,502/502/541/531/-1,0
1679,RXP,11,600/600,100/100,150/150,0/0,4,24/24/24/24/0,null,561/561/556/566/-1,0
1680,RXP,11,640/640,120/120,170/170,0/0,4,30/30/30/30/0,null,562/561/556/566/-1,0
1681,RXP,11,680/680,140/140,190/190,0/0,4,36/36/36/36/0,null,562/562/556/566/-1,0
1682,RXP,11,600/600,100/100,150/150,0/0,4,28/21/21/14/0,null,562/561/556/566/-1,0
1683,RXP,11,600/600,100/100,150/150,0/0,4,40/30/30/20/0,null,562/562/556/566/-1,0
1684,P,9,600/600,180/180,110/110,80/80,4,0/0/16/0/0,null,568/568/569/567/-1,0
1685,P,9,800/800,210/210,160/160,90/90,4,0/0/16/0/0,null,568/568/569/567/-1,0
1686,P,9,900/900,240/240,200/200,100/100,4,0/0/16/0/0,null,568/568/569/567/-1,0
1687,P-,9,550/550,210/210,150/150,120/120,4,0/0/16/0/0,null,568/568/569/567/-1,0
1688,P-,9,750/750,240/240,180/180,140/140,4,0/0/16/0/0,null,568/568/569/567/-1,0
1689,P-,9,850/850,270/270,230/230,160/160,4,0/0/16/0/0,null,568/568/569/567/-1,0
1690,쒀ÕP,2,null,null,null,null,4,0/0/0/0/0,null,null,0
1691,쒀ÕP,2,null,null,null,null,4,0/0/0/0/0,null,null,0
1692,쒀ÕP,2,195/195,167/167,130/130,140/140,4,0/0/0/0/0,null,502/502/541/559/-1,0
1693,ĕPflagship,13,110/110,38/38,50/50,140/140,3,0/0/0/0/0,0/0,570/515/-1/-1/-1,0
1694,ĕPflagship,13,140/140,48/48,70/70,155/155,3,0/0/0/0/0,0/0,570/570/515/-1/-1,0
1695,ĕPflagship,13,180/180,58/58,90/90,170/170,3,0/0/0/0/0,0/0,570/570/570/-1/-1,0
1696,͉ĕP,9,400/400,148/148,180/180,0/0,4,0/0/0/0/0,0/0,509/509/-1/-1/-1,0
1697,͉ĕP,9,450/450,158/158,185/185,0/0,4,0/0/0/0/0,0/0,509/509/512/-1/-1,0
1698,͉ĕP,9,530/530,168/168,195/195,0/0,4,0/0/0/0/0,0/0,509/509/512/529/-1,0
1699,`pĕP,12,500/500,147/147,170/170,0/0,4,0/0/81/81/0,0/0,552/552/561/561/-1,0
1700,`pĕP,12,600/600,157/157,188/188,0/0,4,0/0/96/81/0,0/0,552/552/561/561/-1,0
1701,`pĕP,12,700/700,167/167,200/200,0/0,4,0/0/96/96/0,0/0,552/552/562/562/-1,0
1702,`pĕP-,12,444/444,164/164,170/170,0/0,4,0/0/81/81/0,0/0,552/552/561/561/-1,0
1703,`pĕP-,12,544/544,184/184,188/188,0/0,4,0/0/96/81/0,0/0,552/552/561/561/-1,0
1704,`pĕP-,12,644/644,214/214,200/200,0/0,4,0/0/96/96/0,0/0,552/552/562/562/-1,0
1705,dĕP,5,370/370,139/139,110/110,74/74,4,0/0/0/4/0,0/0,563/563/515/564/-1,0
1706,dĕP,5,430/430,169/169,140/140,82/82,4,0/0/0/4/0,0/0,563/563/515/564/-1,0
1707,dĕP,5,490/490,189/189,170/170,90/90,4,0/0/0/4/0,0/0,563/563/515/564/-1,0
1708,ꐅP,16,370/370,175/175,95/95,90/90,4,0/0/12/14/0,null,501/541/571/571/-1,0
1709,ꐅP,16,380/380,195/195,135/135,100/100,4,0/0/24/28/0,null,501/541/571/571/-1,0
1710,ꐅP,16,390/390,215/215,175/175,110/110,4,0/0/36/42/0,null,501/541/571/571/-1,0
1711,[CCP,11,600/600,140/140,180/180,0/0,4,23/22/22/23/0,0/0,556/557/558/556/-1,0
1712,[CCP,11,700/700,170/170,220/220,0/0,4,39/39/39/39/0,0/0,572/557/558/572/-1,0
1713,[CCP,11,800/800,190/190,240/240,0/0,4,48/48/48/36/0,0/0,572/557/558/572/-1,0
1714,ꃒ,11,160/160,null,null,null,4,36/36/28/28/0,0/0,556/561/561/561/-1,0
1715,ꃒ,11,160/160,null,null,null,4,36/36/32/32/0,0/0,556/562/562/562/-1,0
1716,[CoqP,10,800/800,168/168,200/200,130/130,4,0/0/0/128/0,null,509/509/570/573/-1,0
1717,[CoqP,10,800/800,188/188,210/210,160/160,4,0/0/0/160/0,null,509/509/570/573/-1,0
1718,[CoqP,10,800/800,218/218,220/220,190/190,4,0/0/0/192/0,null,509/509/570/573/-1,0
1719,[CoqP-,10,660/660,189/189,220/220,120/120,4,0/0/0/144/0,null,509/509/570/573/-1,0
1720,[CoqP-,10,660/660,209/209,230/230,150/150,4,0/0/0/176/0,null,509/509/570/573/-1,0
1721,[CoqP-,10,660/660,239/239,240/240,180/180,4,0/0/0/208/0,null,509/509/570/573/-1,0
1722,qP,7,400/400,163/163,90/90,0/0,4,14/14/14/14/0,null,575/575/520/520/-1,0
1723,qP,7,440/440,173/173,120/120,0/0,4,23/23/25/25/0,null,575/575/520/520/-1,0
1724,qP,7,480/480,193/193,150/150,0/0,4,32/32/36/36/0,null,575/575/520/520/-1,0
1725,k[㗤P,12,650/650,136/136,150/150,0/0,4,0/0/0/36/0,null,565/565/567/575/-1,0
1726,k[㗤P,12,670/670,166/166,170/170,0/0,4,0/0/0/49/0,null,565/565/567/575/-1,0
1727,k[㗤P,12,690/690,186/186,190/190,0/0,4,0/0/0/64/0,null,565/565/567/575/-1,0
1728,kP,10,770/770,157/157,168/168,75/75,4,0/0/0/36/0,null,576/576/515/574/-1,0
1729,kP,10,770/770,177/177,178/178,85/85,4,0/0/0/49/0,null,576/576/515/574/-1,0
1730,kP,10,770/770,217/217,188/188,95/95,4,0/0/0/64/0,null,576/576/515/574/-1,0
1731,kP-,10,770/770,189/189,168/168,105/105,4,0/0/0/36/0,null,576/576/515/575/-1,0
1732,kP-,10,770/770,209/209,178/178,115/115,4,0/0/0/49/0,null,576/576/515/575/-1,0
1733,kP-,10,770/770,239/239,188/188,130/130,4,0/0/0/64/0,null,576/576/515/575/-1,0
1734,ykelite,7,88/88,null,null,0/0,4,22/22/22/22/0,null,574/524/520/574/-1,0
1735,ykflagship,7,118/118,93/93,45/45,0/0,4,23/23/27/23/0,null,575/524/520/575/-1,0
